{"Month": 0.6932460003707275, "Make": 1.0324350570972716, "AccidentArea": 0.8383476317154507, "DayOfWeekClaimed": 0.8457179841122106, "MonthClaimed": 0.6315454115126592, "WeekOfMonthClaimed": 1.1506011323767902, "MaritalStatus": 0.5110653215594341, "VehiclePrice": 1.0449300842637927, "AgeOfVehicle": 0.7299998503243272, "AgeOfPolicyHolder": 0.7015253964289494, "AgentType": 0.9506417334473343, "AddressChange_Claim": 1.1183377300505724, "NumberOfCars": 1.0039974218753995}