{"PDO": 20.0, "BASE_SCORE": 600.0, "BASE_ODDS": 50.0, "factor": 28.85390081777927, "offset": 487.1228762045055, "intercept_points": -0.0}