{"Month": {"Jan": 0.23029674328194952, "Feb": 0.09010417064969226, "Mar": 0.3256058529684285, "Apr": -0.31912814606043616, "May": 0.2400846443905684, "Jun": 0.09298572470569888, "Jul": -0.02988830304916306, "Aug": 0.1385349439877341, "Sep": 0.09199323860751381, "Oct": -0.14081489717678022, "Nov": -0.49855830971126086, "Dec": -0.7694116568317948}, "Make": {"Acura": 0.5851055727564115, "BMW": -7.102163688753179, "Chevrolet": -0.3394655447697895, "Dodge": -0.2621305014086637, "Ferrari": -5.718336247032978, "Ford": 0.38443899842146145, "Honda": -0.06290605962071134, "Jaguar": -6.409839491032952, "Mazda": 0.07429424656184751, "Mercedes": -5.718336247032978, "Mercury": 1.34714423099831, "Nissan": 0.7026954195488352, "Pontiac": 0.15817557730731874, "Porsche": 0.0, "Saab": 0.3399565625335561, "Saturn": 0.14325614590224536, "Toyota": -0.38373042027144066, "Volkswagen": -0.30867949663207467}, "AccidentArea": {"Rural": 0.39274545348690143, "Urban": -0.06079486568002956}, "DayOfWeekClaimed": {"nan": -5.718336247032978, "Monday": -0.17578361861625344, "Tuesday": 0.049601867368844844, "Wednesday": -0.025101989429308306, "Thursday": 0.13980855658508992, "Friday": -0.017220303913221192, "Saturday": 0.8851281235653975, "Sunday": 0.2173460125923444}, "MonthClaimed": {"nan": -5.718336247032978, "Jan": 0.1796533868435242, "Feb": -0.013410714490992588, "Mar": 0.24217302785608605, "Apr": -0.2275690456048502, "May": 0.35459344558028605, "Jun": -0.13362070683863758, "Jul": -0.23243231681347146, "Aug": 0.3106795621500371, "Sep": 0.22844288281582742, "Oct": -0.24502129476887433, "Nov": -0.5462732054005427, "Dec": -0.3880983685685421}, "WeekOfMonthClaimed": {"1": 0.1325630585990975, "2": -0.5498566376371036, "3": -0.005747987231729468, "4": 0.23899363163818815, "5": 0.19082636779377282}, "MaritalStatus": {"Divorced": -8.806237927253422, "Married": -0.04863772345855585, "Single": 0.12461343025949816, "Widow": -7.794899123766052}, "VehiclePrice": {"less than 20000": 0.654105656187659, "20000 to 29000": -0.1461208258102544, "30000 to 39000": -0.047024548480249784, "40000 to 59000": -0.06062262188243268, "60000 to 69000": -0.3086433839385357, "more than 69000": 0.18528143025265603}, "AgeOfVehicle": {"new": 0.5851000427937998, "2 years": -8.354338397412642, "3 years": -9.116352909228834, "4 years": 0.4309421656098315, "5 years": 0.4433879441879491, "6 years": 0.16260497518851844, "7 years": -0.1717632832826914, "more than 7": -0.16924476126768065}, "AgeOfPolicyHolder": {"16 to 17": 0.70287735650627, "18 to 20": 1.68283852413773, "21 to 25": -8.280248530722544, "26 to 30": 0.19207293185963634, "31 to 35": 0.1175703801388217, "36 to 40": 0.07195797939594702, "41 to 50": -0.3940382185844302, "51 to 65": -0.426474689555571, "over 65": -0.07576387208880556}, "AgentType": {"External": 0.017172755194034245, "Internal": -1.4941630193660873}, "AddressChange_Claim": {"under 6 months": 8.497594543314888, "1 year": 0.5631105626908354, "2 to 3 years": 1.2782234650900206, "4 to 8 years": -0.07985402664945608, "no change": -0.060733635275870806}, "NumberOfCars": {"1 vehicle": 0.0201729142644305, "2 vehicles": 0.01602545840598874, "3 to 4": -1.574202205827096, "5 to 8": -6.814756019177158}}